mean_fit_time,std_fit_time,mean_score_time,std_score_time,param_model__learning_rate,param_model__max_depth,param_model__min_child_weight,params,split0_test_score,split1_test_score,split2_test_score,mean_test_score,std_test_score,rank_test_score,split0_train_score,split1_train_score,split2_train_score,mean_train_score,std_train_score
10.671058972676596,3.7061328458354468,0.5083091259002686,0.08471818355823256,0.05,4,1,"{'model__learning_rate': 0.05, 'model__max_depth': 4, 'model__min_child_weight': 1}",0.2877810123948253,0.2928881791269328,0.3216422039315864,0.30077046515111483,0.014905097512765367,11,0.47763972324647497,0.42512750601049715,0.42692828188300314,0.4432318370466584,0.024341154080971518
9.664981762568155,3.9293616478419473,0.4545145829518636,0.00936969604950546,0.05,4,10,"{'model__learning_rate': 0.05, 'model__max_depth': 4, 'model__min_child_weight': 10}",0.2900622913621761,0.30547529988640193,0.3277006291438001,0.307746073464126,0.015449453652084784,9,0.4757551165693523,0.41680707449633597,0.4199668308163396,0.4375096739606759,0.027074359644635712
11.977440675099691,4.929330096830327,0.5455380280812582,0.016943207738380872,0.05,6,1,"{'model__learning_rate': 0.05, 'model__max_depth': 6, 'model__min_child_weight': 1}",0.3071170279219474,0.31237447804949275,0.31224286125792955,0.3105781224097899,0.002447953163398036,8,0.8765621023588487,0.7338005330583448,0.6289725087097704,0.7464450480423213,0.10147270417937997
11.961786031723022,4.831190018550314,0.5351647535959879,0.015235727339871842,0.05,6,10,"{'model__learning_rate': 0.05, 'model__max_depth': 6, 'model__min_child_weight': 10}",0.32726341063324704,0.3146450308521449,0.3368698763538259,0.32625943927973927,0.009100985596897218,5,0.8621051626767774,0.6940601560185352,0.6151327257269974,0.7237660148074366,0.10299085618965689
14.938828627268473,6.89054468241995,0.6461763381958008,0.01966919199715771,0.05,8,1,"{'model__learning_rate': 0.05, 'model__max_depth': 8, 'model__min_child_weight': 1}",0.32790846124145895,0.31662583071737765,0.3124259207607657,0.3189867375732008,0.006537465146904201,6,0.9975144792054491,0.9718750057852251,0.9127034141488197,0.960697633046498,0.03551459263472116
14.881977955500284,5.602695698581743,0.6510529518127441,0.01527700962174367,0.05,8,10,"{'model__learning_rate': 0.05, 'model__max_depth': 8, 'model__min_child_weight': 10}",0.3499922308882808,0.34272351850164623,0.33711464716557094,0.3432767988518326,0.005271788437413961,2,0.9903776858255622,0.9469686780565544,0.8843893316003484,0.9405785651608216,0.043504850035810234
9.913174629211426,4.187294078725994,0.4654996395111084,0.018867420532853417,0.1,4,1,"{'model__learning_rate': 0.1, 'model__max_depth': 4, 'model__min_child_weight': 1}",0.2892589397752768,0.2897529156727063,0.3256977775291552,0.3015698776590461,0.01706219343369659,10,0.6603404271414147,0.5392851354933087,0.49343518197832614,0.5643535815376831,0.07040672532292855
10.044830719629923,4.18736910040288,0.46725861231486004,0.017889599803529582,0.1,4,10,"{'model__learning_rate': 0.1, 'model__max_depth': 4, 'model__min_child_weight': 10}",0.2856875286723135,0.28588071168507284,0.32787098520950814,0.2998130751889648,0.01984009519398841,12,0.6623797757126866,0.5113341578926961,0.48482079023636576,0.5528449079472494,0.07820552030137762
12.065863847732544,4.773781740960892,0.5480977694193522,0.016830920195173696,0.1,6,1,"{'model__learning_rate': 0.1, 'model__max_depth': 6, 'model__min_child_weight': 1}",0.32149436220228184,0.3139648792045249,0.3200639316080144,0.31850772433827373,0.003264926171005287,7,0.9950805417813521,0.9411568607580483,0.8526696799537827,0.9296356941643943,0.05870699192530538
11.85242501894633,4.8160579453422185,0.5401365756988525,0.014652137058412817,0.1,6,10,"{'model__learning_rate': 0.1, 'model__max_depth': 6, 'model__min_child_weight': 10}",0.34241683622427943,0.32667207954182526,0.3431572155994677,0.3374153771218575,0.007602669380976023,3,0.9887054272837746,0.9069522176570697,0.8207738554943184,0.9054771668117209,0.06856571073146596
14.359168926874796,5.802324921093785,0.6300999323527018,0.01944033481621939,0.1,8,1,"{'model__learning_rate': 0.1, 'model__max_depth': 8, 'model__min_child_weight': 1}",0.34457215849198725,0.3320565616463672,0.331307231148192,0.33597865042884884,0.006084223295940235,4,1.0,0.9999801829141951,0.9990352035510611,0.9996717954884188,0.00045021117286150235
14.093959967295328,5.726209748228746,0.6299386819203695,0.018051624466388864,0.1,8,10,"{'model__learning_rate': 0.1, 'model__max_depth': 8, 'model__min_child_weight': 10}",0.3588175069287514,0.36125863479347586,0.35969499949005473,0.3599237137374273,0.0010096233516174718,1,0.9999848449112774,0.9948717675045673,0.9886946264900323,0.9945170796352922,0.004616030806751167
